vaccinations,total_num,percentage
people_vaccinated,18980484776,41.56615720807375
people_fully_vaccinated,17427307634,38.16478964458604
total_boosters,9255521331,20.269053147340223
